{"cameraMode":{"drawMode":0,"name":"Shaded","section":"Shading Mode"},"sceneLighting":false,"audioPlay":false,"sceneViewState":{"m_AlwaysRefresh":false,"showFog":true,"showSkybox":true,"showFlares":true,"showImageEffects":true,"showParticleSystems":true,"showVisualEffectGraphs":true,"m_FxEnabled":true},"in2DMode":false,"pivot":{"x":1077.665283203125,"y":434.4224853515625,"z":60.82854080200195},"rotation":{"x":0.06646077334880829,"y":-0.05146322026848793,"z":0.003432565601542592,"w":0.9964603781700134},"size":732.5587768554688,"orthographic":true}