{"cameraMode":{"drawMode":0,"name":"Shaded","section":"Shading Mode"},"sceneLighting":false,"audioPlay":false,"sceneViewState":{"m_AlwaysRefresh":false,"showFog":true,"showSkybox":true,"showFlares":true,"showImageEffects":true,"showParticleSystems":true,"showVisualEffectGraphs":true,"m_FxEnabled":true},"in2DMode":false,"pivot":{"x":-1.7432054281234742,"y":-5.029808521270752,"z":-8.993375778198243},"rotation":{"x":0.43837690353393557,"y":0.036653194576501849,"z":-0.01789567433297634,"w":0.8978655338287354},"size":1.4549623727798463,"orthographic":false}