{"cameraMode":{"drawMode":0,"name":"Shaded","section":"Shading Mode"},"sceneLighting":false,"audioPlay":false,"sceneViewState":{"m_AlwaysRefresh":false,"showFog":true,"showSkybox":true,"showFlares":true,"showImageEffects":true,"showParticleSystems":true,"showVisualEffectGraphs":true,"m_FxEnabled":true},"in2DMode":false,"pivot":{"x":-2.1593129634857179,"y":0.13127589225769044,"z":1.3238401412963868},"rotation":{"x":-0.3323012888431549,"y":-0.11533264070749283,"z":0.04097958281636238,"w":-0.9352070093154907},"size":1.922177791595459,"orthographic":false}